velocity_per_min,ordered_mm,target_mm,fast_money_share,anchor_share,hours_open,demand_mm,tightened
123.48,340.9,750,0.247,0.30,1.7,371.8,0
118.71,143.8,250,0.157,0.30,2.7,175.2,0
12.39,3331.8,1000,0.333,0.30,5.1,3101.9,0
77.14,856.0,250,0.248,0.30,7.0,774.8,1
57.39,1595.2,750,0.320,0.30,5.8,1495.8,0
77.70,372.9,250,0.369,0.30,1.4,374.1,0
82.38,500.4,250,0.298,0.30,4.3,515.8,1
50.20,875.3,1000,0.174,0.30,1.6,906.6,0
70.65,1975.7,750,0.488,0.30,7.9,1669.5,0
68.99,348.6,250,0.132,0.30,4.0,398.0,0
100.57,775.4,250,0.337,0.30,5.9,716.3,0
77.49,2987.9,1000,0.278,0.30,4.3,2973.5,1
12.58,592.7,250,0.401,0.30,6.8,602.6,0
94.58,1057.8,750,0.494,0.30,3.5,1004.7,0
66.71,304.9,250,0.159,0.30,3.8,341.5,0
15.07,2058.2,1000,0.275,0.30,6.7,2044.5,0
93.30,1863.5,750,0.543,0.30,2.6,1570.0,0
27.03,261.7,250,0.166,0.30,5.1,288.0,0
40.24,1508.0,750,0.123,0.30,3.2,1518.0,1
91.31,1138.1,500,0.308,0.30,1.4,1102.2,0
54.76,1840.9,1000,0.247,0.30,2.3,1717.3,1
60.08,1111.2,500,0.105,0.30,5.0,1047.7,1
123.62,131.3,250,0.357,0.30,3.6,151.7,0
124.43,1363.0,750,0.351,0.30,4.4,1184.3,0
65.05,761.2,1000,0.206,0.30,6.2,782.7,0
108.61,373.9,1000,0.131,0.30,4.7,425.2,0
91.26,1363.0,500,0.507,0.30,5.5,1158.3,0
92.02,368.4,250,0.181,0.30,6.4,369.8,0
84.56,2117.2,750,0.357,0.30,2.4,2008.8,0
107.29,512.8,500,0.420,0.30,3.5,489.4,0
128.70,452.8,250,0.445,0.30,5.2,413.1,0
60.90,2596.3,750,0.519,0.30,3.6,2392.0,0
17.77,690.4,500,0.285,0.30,7.9,669.6,0
64.93,714.7,250,0.376,0.30,5.6,631.9,0
102.79,1829.7,1000,0.425,0.30,6.5,1554.3,0
15.84,1957.4,750,0.523,0.30,6.2,1680.5,0
95.60,176.6,250,0.135,0.30,7.3,200.0,0
81.45,909.0,500,0.348,0.30,2.1,911.1,0
7.67,1312.2,500,0.450,0.30,6.2,1103.0,0
59.23,1471.8,500,0.486,0.30,2.8,1239.2,0
67.65,1007.4,750,0.432,0.30,6.8,923.1,0
118.75,441.5,250,0.227,0.30,7.3,457.0,1
108.39,718.4,1000,0.489,0.30,4.6,618.9,0
102.06,2783.3,1000,0.354,0.30,2.0,2388.1,0
74.56,489.7,250,0.213,0.30,6.5,502.5,1
115.40,228.0,250,0.078,0.30,1.7,246.4,0
75.22,3220.0,1000,0.430,0.30,5.3,2819.1,0
91.59,1003.3,500,0.276,0.30,7.6,956.9,1
120.35,711.2,750,0.496,0.30,3.9,640.2,0
60.26,1070.0,1000,0.086,0.30,5.7,1011.2,0
117.13,647.9,250,0.127,0.30,2.0,679.1,1
125.94,1674.0,500,0.160,0.30,4.4,1607.8,1
25.18,975.0,500,0.266,0.30,2.4,914.1,0
16.52,1036.2,750,0.233,0.30,5.9,997.4,0
46.44,1939.2,1000,0.362,0.30,7.9,1648.1,0
126.46,574.9,500,0.102,0.30,6.5,556.2,0
99.47,2264.0,750,0.460,0.30,7.6,2046.6,0
23.67,2125.9,1000,0.510,0.30,1.6,1898.7,0
104.95,791.2,250,0.142,0.30,1.1,769.6,1
105.20,760.0,250,0.092,0.30,7.0,727.8,1
6.44,1636.8,1000,0.547,0.30,5.4,1499.1,0
70.86,162.6,250,0.169,0.30,1.4,186.0,0
121.53,999.7,500,0.364,0.30,4.1,888.6,0
38.82,1741.2,500,0.452,0.30,1.1,1433.7,0
69.28,865.3,500,0.173,0.30,5.6,881.2,1
73.24,3405.0,1000,0.494,0.30,2.5,2850.8,0
47.84,1280.8,500,0.466,0.30,3.8,1165.6,0
127.74,259.2,750,0.468,0.30,7.2,267.3,0
25.41,2992.1,1000,0.092,0.30,5.7,3121.7,0
79.85,333.6,750,0.396,0.30,2.9,319.1,0
37.91,853.1,250,0.531,0.30,2.7,762.6,0
32.23,1029.8,750,0.141,0.30,3.0,960.4,0
36.02,295.4,500,0.438,0.30,2.0,309.6,0
54.25,578.7,250,0.200,0.30,7.7,547.9,1
87.19,1556.5,500,0.408,0.30,3.3,1381.9,0
23.68,2358.3,1000,0.412,0.30,6.8,1955.9,0
96.73,745.8,1000,0.456,0.30,4.5,686.2,0
108.30,789.3,250,0.342,0.30,5.9,769.0,0
15.64,1169.4,500,0.071,0.30,3.6,1268.7,0
74.82,2303.9,1000,0.364,0.30,4.4,2151.7,0
62.12,821.0,250,0.085,0.30,1.6,891.0,1
98.22,722.4,250,0.287,0.30,2.6,736.8,1
33.84,886.5,500,0.375,0.30,1.5,870.3,0
100.87,1767.6,750,0.358,0.30,2.0,1510.9,0
86.44,1715.8,750,0.396,0.30,4.4,1463.0,0
38.60,2515.0,1000,0.386,0.30,3.0,2326.3,0
63.08,509.4,750,0.283,0.30,2.4,535.5,0
122.03,442.2,250,0.059,0.30,7.8,496.6,1
129.25,3233.0,1000,0.243,0.30,1.5,3243.3,1
22.72,837.2,250,0.312,0.30,6.7,754.2,0
115.86,780.3,750,0.402,0.30,4.4,770.0,0
24.88,620.3,250,0.525,0.30,6.1,554.7,0
48.00,2988.7,1000,0.208,0.30,6.3,2618.8,1
20.01,2581.7,1000,0.513,0.30,3.0,2364.5,0
13.12,2312.9,750,0.245,0.30,7.5,2037.6,0
111.78,348.9,750,0.190,0.30,5.4,377.5,0
36.17,967.5,500,0.183,0.30,3.6,909.1,1
115.53,2318.9,1000,0.456,0.30,7.6,2174.1,0
94.95,1321.8,500,0.075,0.30,6.3,1322.0,1
65.70,1545.3,750,0.506,0.30,3.9,1281.7,0
42.22,2568.1,750,0.420,0.30,5.6,2198.8,0
65.40,512.4,750,0.384,0.30,1.5,503.7,0
73.80,1365.1,1000,0.276,0.30,4.0,1343.8,0
35.51,1039.4,500,0.137,0.30,3.6,1007.8,1
115.91,810.5,500,0.425,0.30,4.7,737.4,0
38.78,1894.1,1000,0.426,0.30,3.5,1711.6,0
16.57,765.3,500,0.498,0.30,4.0,706.1,0
111.09,277.3,750,0.486,0.30,6.0,259.1,0
126.04,534.0,1000,0.295,0.30,7.5,560.3,0
126.53,648.9,1000,0.174,0.30,4.7,621.0,0
122.69,592.9,250,0.411,0.30,4.2,581.8,0
5.17,530.5,250,0.113,0.30,6.0,514.6,0
83.31,849.9,500,0.314,0.30,1.7,842.3,0
70.55,1156.4,750,0.341,0.30,5.2,1032.0,0
72.18,297.9,250,0.548,0.30,6.9,281.6,0
64.41,545.3,500,0.167,0.30,5.9,596.1,0
11.91,2348.6,750,0.147,0.30,1.6,2337.9,0
88.42,512.9,500,0.513,0.30,3.4,441.6,0
50.29,321.6,1000,0.248,0.30,6.9,327.8,0
30.65,324.4,250,0.535,0.30,2.6,326.3,0
38.13,324.4,500,0.495,0.30,5.3,321.7,0
65.63,240.3,500,0.505,0.30,7.5,246.9,0
31.62,188.5,250,0.537,0.30,1.4,186.8,0
61.21,1305.4,1000,0.406,0.30,1.6,1115.5,0
46.16,1647.4,500,0.143,0.30,1.2,1679.0,1
109.89,1715.8,1000,0.542,0.30,1.5,1386.7,0
48.93,174.0,250,0.528,0.30,2.5,197.3,0
101.09,2154.4,750,0.204,0.30,5.9,1929.0,1
51.59,458.8,500,0.510,0.30,7.3,420.2,0
83.96,575.3,250,0.174,0.30,3.6,577.0,1
12.82,1122.5,1000,0.510,0.30,7.3,1028.3,0
50.37,2514.0,750,0.217,0.30,6.2,2218.4,1
120.53,1956.8,750,0.199,0.30,6.6,1908.3,1
8.03,455.2,250,0.167,0.30,7.7,504.0,0
103.72,2907.4,1000,0.507,0.30,4.5,2360.5,0
105.32,733.2,250,0.419,0.30,5.3,709.0,0
112.66,2106.2,750,0.280,0.30,4.6,1998.6,1
99.11,507.1,1000,0.174,0.30,4.9,484.9,0
25.09,477.5,750,0.263,0.30,5.4,449.7,0
17.05,1285.6,500,0.299,0.30,2.6,1200.3,0
62.62,1051.8,1000,0.496,0.30,6.4,940.9,0
102.47,298.5,250,0.197,0.30,2.8,310.4,0
29.90,813.8,750,0.174,0.30,7.2,768.6,0
45.79,1737.9,500,0.248,0.30,2.6,1650.5,1
86.67,156.9,250,0.545,0.30,6.7,170.7,0
119.30,1239.8,1000,0.070,0.30,2.3,1179.7,0
121.27,1535.8,500,0.236,0.30,2.8,1455.4,1
18.22,571.0,250,0.348,0.30,3.6,528.2,0
10.52,211.2,500,0.550,0.30,7.4,222.9,0
107.35,372.4,250,0.254,0.30,1.5,390.7,0
104.41,125.6,250,0.324,0.30,3.8,146.2,0
84.90,411.9,500,0.096,0.30,3.9,452.6,0
88.48,348.3,750,0.259,0.30,7.2,373.8,0
57.06,3489.2,1000,0.482,0.30,2.4,2959.5,0
30.46,3185.2,1000,0.053,0.30,6.7,3136.4,1
77.22,2773.8,1000,0.232,0.30,1.4,2467.6,1
85.08,292.4,500,0.505,0.30,3.6,293.0,0
23.24,983.9,500,0.192,0.30,1.8,1030.4,0
99.19,2875.1,1000,0.446,0.30,6.9,2451.3,0
126.94,117.7,250,0.291,0.30,3.7,154.7,0
85.04,1143.7,500,0.478,0.30,2.4,1037.6,0
27.87,1579.2,1000,0.159,0.30,3.7,1548.1,0
23.68,727.5,250,0.535,0.30,7.2,620.6,0
88.49,386.9,250,0.212,0.30,6.9,399.7,0
86.13,823.2,750,0.204,0.30,3.6,799.1,0
27.35,3455.6,1000,0.052,0.30,4.1,3423.1,0
109.57,1581.1,1000,0.455,0.30,3.5,1310.6,0
16.46,1449.4,750,0.271,0.30,5.5,1273.7,0
120.27,651.3,250,0.207,0.30,6.3,609.8,1
86.59,382.7,1000,0.442,0.30,5.3,348.9,0
29.21,468.5,250,0.541,0.30,7.4,461.2,0
90.77,503.8,500,0.411,0.30,5.3,505.3,0
24.85,885.0,750,0.498,0.30,2.0,830.7,0
31.04,1919.2,1000,0.181,0.30,1.3,1802.2,1
55.43,595.1,500,0.368,0.30,3.6,554.8,0
19.38,1752.2,750,0.315,0.30,7.1,1590.8,0
36.50,760.3,250,0.318,0.30,3.6,754.0,0
128.81,1452.8,1000,0.339,0.30,4.1,1400.5,0
81.92,624.2,500,0.529,0.30,3.2,566.5,0
96.63,756.9,750,0.424,0.30,5.4,678.7,0
69.08,722.5,1000,0.498,0.30,5.6,627.8,0
11.80,318.0,250,0.334,0.30,4.7,327.2,0
77.95,953.4,1000,0.345,0.30,4.3,911.8,0
6.76,1282.0,500,0.451,0.30,1.4,1139.9,0
113.91,793.1,500,0.441,0.30,1.1,702.2,0
79.34,1669.5,750,0.339,0.30,4.4,1543.8,0
117.94,1000.4,500,0.072,0.30,2.7,1004.1,1
118.97,565.1,250,0.102,0.30,2.4,601.5,1
29.94,1922.2,1000,0.354,0.30,6.7,1797.0,0
68.57,1151.5,500,0.082,0.30,6.1,1252.0,1
94.42,3002.2,1000,0.053,0.30,4.3,3110.2,1
26.92,1136.6,1000,0.548,0.30,1.9,1011.5,0
93.96,1554.1,750,0.183,0.30,6.5,1493.7,1
41.95,2371.0,750,0.514,0.30,4.6,1912.2,0
37.55,1340.2,500,0.168,0.30,6.2,1403.2,1
28.99,1668.0,750,0.244,0.30,7.0,1555.9,0
64.02,320.4,1000,0.315,0.30,7.7,308.1,0
76.29,489.1,500,0.204,0.30,1.5,508.2,0
23.07,320.7,500,0.063,0.30,3.4,376.2,0
92.59,371.4,500,0.065,0.30,1.3,412.5,0
97.10,547.4,250,0.083,0.30,6.7,562.1,1
114.96,644.0,250,0.428,0.30,2.7,590.9,0
19.00,1506.3,500,0.067,0.30,5.4,1589.7,0
64.64,2125.7,750,0.116,0.30,3.1,2139.6,1
57.97,841.1,750,0.060,0.30,6.0,837.1,0
118.79,1669.8,750,0.435,0.30,3.0,1486.5,0
103.63,489.9,250,0.066,0.30,4.3,489.4,1
72.24,764.8,250,0.158,0.30,6.7,720.8,1
59.51,611.3,500,0.312,0.30,1.4,616.4,0
66.35,2137.3,750,0.296,0.30,4.5,1889.3,1
124.65,1612.2,750,0.308,0.30,6.7,1423.6,0
67.29,1168.5,500,0.105,0.30,6.5,1095.8,1
83.49,396.0,250,0.228,0.30,7.2,402.7,0
57.77,372.6,250,0.373,0.30,4.0,360.5,0
52.41,523.7,500,0.492,0.30,4.7,483.6,0
48.56,199.3,250,0.213,0.30,5.6,236.7,0
26.19,2081.2,750,0.269,0.30,1.9,1977.3,0
85.34,1924.7,1000,0.398,0.30,6.3,1671.6,0
95.42,1307.1,500,0.537,0.30,3.4,1154.4,0
46.01,1710.2,500,0.145,0.30,1.7,1735.9,1
29.43,193.7,250,0.125,0.30,3.1,220.5,0
29.52,481.5,750,0.369,0.30,3.7,448.1,0
6.58,424.2,250,0.477,0.30,7.9,387.4,0
62.91,1673.9,750,0.121,0.30,6.2,1628.6,1
92.65,2371.0,1000,0.344,0.30,5.7,2284.3,0
89.95,876.2,500,0.371,0.30,5.4,795.5,0
116.84,395.1,250,0.171,0.30,2.1,427.6,0
65.34,3047.3,1000,0.060,0.30,5.6,3041.4,1
116.81,167.0,500,0.214,0.30,7.4,204.6,0
9.77,203.7,250,0.322,0.30,7.6,232.3,0
17.64,1523.5,750,0.337,0.30,4.6,1456.9,0
70.21,2500.1,750,0.255,0.30,5.8,2241.7,1
69.22,2633.1,1000,0.516,0.30,5.5,2305.8,0
39.29,256.9,750,0.250,0.30,3.9,274.6,0
77.52,953.4,750,0.105,0.30,7.7,948.8,0
129.28,889.4,500,0.530,0.30,7.5,747.7,0
106.20,450.3,250,0.367,0.30,2.6,444.7,0
49.14,1460.0,500,0.369,0.30,4.3,1403.9,0
99.99,2096.6,750,0.375,0.30,6.5,1891.8,0
38.43,555.7,500,0.238,0.30,2.3,549.9,0
105.68,361.4,250,0.449,0.30,3.2,360.4,0
58.56,2409.6,1000,0.369,0.30,7.5,2136.0,0
12.13,3198.6,1000,0.464,0.30,2.0,2918.5,0
84.15,252.5,750,0.057,0.30,5.6,306.1,0
81.03,2275.0,750,0.339,0.30,4.2,1980.7,0
31.07,1005.2,500,0.251,0.30,5.8,985.8,1
88.56,705.5,250,0.497,0.30,2.4,672.8,0
71.35,851.7,500,0.421,0.30,4.9,829.7,0
57.38,1360.8,750,0.464,0.30,4.4,1222.3,0
92.55,413.4,500,0.173,0.30,6.1,438.1,0
110.10,1050.1,500,0.284,0.30,6.9,1026.1,1
58.23,1847.3,750,0.550,0.30,3.5,1503.6,0
7.57,664.2,250,0.073,0.30,6.7,741.6,0
68.83,793.0,250,0.292,0.30,6.0,709.5,1
47.33,735.9,500,0.481,0.30,4.7,667.1,0
40.52,552.5,500,0.221,0.30,3.0,519.0,0
108.47,1434.0,750,0.252,0.30,4.5,1317.2,1
86.82,679.4,500,0.446,0.30,3.1,611.3,0
103.03,653.1,250,0.070,0.30,4.8,718.9,1
54.81,112.1,250,0.104,0.30,4.3,154.2,0
103.63,564.4,250,0.505,0.30,5.4,527.8,0
31.56,441.3,250,0.384,0.30,1.7,446.9,0
113.65,311.0,500,0.261,0.30,1.1,346.4,0
103.32,562.8,500,0.331,0.30,4.0,530.9,0
7.55,1612.9,750,0.333,0.30,4.5,1587.8,0
108.09,411.9,250,0.437,0.30,3.8,409.1,0
6.77,548.6,250,0.244,0.30,7.9,584.1,0
101.24,565.4,1000,0.324,0.30,7.3,548.1,0
58.37,610.5,250,0.055,0.30,7.0,687.2,1
113.69,178.4,500,0.114,0.30,2.7,218.4,0
120.35,1345.6,500,0.233,0.30,2.0,1330.6,1
41.64,473.5,250,0.329,0.30,7.2,478.4,0
94.65,86.8,250,0.056,0.30,6.7,127.4,0
53.62,555.1,250,0.206,0.30,6.8,598.9,1
44.53,657.2,250,0.524,0.30,2.2,591.1,0
50.41,578.8,250,0.372,0.30,3.7,547.4,0
123.12,2113.8,1000,0.442,0.30,1.4,1812.4,0
113.69,262.2,750,0.413,0.30,6.8,256.9,0
127.05,1539.5,1000,0.173,0.30,6.4,1470.7,0
105.94,152.7,500,0.192,0.30,4.0,178.5,0
41.07,787.5,250,0.120,0.30,2.0,858.9,1
48.36,2071.8,1000,0.093,0.30,2.4,2150.1,1
43.68,782.8,500,0.079,0.30,7.5,829.8,0
103.96,145.2,250,0.280,0.30,6.4,179.5,0
54.77,565.3,500,0.311,0.30,3.2,579.9,0
28.64,439.1,500,0.146,0.30,3.5,473.4,0
55.31,582.6,750,0.309,0.30,8.0,530.2,0
113.30,1337.2,750,0.236,0.30,3.2,1199.5,1
48.12,91.5,250,0.310,0.30,7.9,116.8,0
78.34,3261.6,1000,0.157,0.30,1.7,3038.7,1
100.91,3383.1,1000,0.459,0.30,1.3,2842.0,0
129.33,194.0,500,0.239,0.30,3.6,206.7,0
65.85,3163.4,1000,0.473,0.30,5.5,2912.3,0
93.30,330.0,250,0.095,0.30,1.6,346.9,0
27.83,1486.9,1000,0.475,0.30,6.0,1261.1,0
9.83,713.2,500,0.178,0.30,7.3,758.7,0
37.24,666.7,250,0.307,0.30,4.4,670.7,0
23.10,826.5,250,0.427,0.30,3.1,780.9,0
99.74,1336.5,1000,0.103,0.30,1.9,1285.0,0
52.46,2884.2,1000,0.271,0.30,7.2,2865.6,1
94.65,415.2,1000,0.148,0.30,2.5,464.0,0
116.09,1298.4,750,0.120,0.30,7.5,1211.0,1
83.55,346.8,250,0.276,0.30,4.3,374.5,0
22.85,361.1,750,0.161,0.30,4.9,395.5,0
59.87,819.2,500,0.125,0.30,1.2,796.6,1
46.81,1403.4,750,0.134,0.30,7.3,1347.8,1
24.17,579.8,250,0.307,0.30,7.5,590.7,0
109.41,2715.5,1000,0.110,0.30,4.0,2864.0,1
129.76,459.2,750,0.513,0.30,7.3,415.5,0
109.04,190.5,250,0.539,0.30,4.1,203.2,0
68.85,2120.0,750,0.272,0.30,3.0,2125.5,1
59.41,748.8,750,0.506,0.30,2.0,682.4,0
70.21,431.0,500,0.165,0.30,6.8,456.2,0
100.16,738.5,1000,0.138,0.30,5.4,767.3,0
77.87,255.1,500,0.151,0.30,3.9,292.6,0
69.81,300.4,250,0.224,0.30,7.6,326.5,0
6.93,456.3,250,0.505,0.30,2.9,450.2,0
75.39,208.7,500,0.543,0.30,5.0,220.3,0
49.52,850.0,250,0.516,0.30,3.5,709.1,0
107.07,663.6,500,0.483,0.30,3.7,626.6,0
41.44,659.8,250,0.104,0.30,1.2,673.7,1
7.59,507.9,500,0.534,0.30,1.7,444.9,0
74.42,271.7,750,0.528,0.30,6.2,284.3,0
7.21,1608.6,750,0.350,0.30,5.9,1485.1,0
48.84,218.2,250,0.097,0.30,4.3,244.1,0
18.76,2347.7,750,0.111,0.30,2.6,2324.7,0
23.40,1344.5,500,0.336,0.30,6.8,1183.9,0
91.73,2228.9,1000,0.349,0.30,7.8,1887.8,0
102.11,267.3,250,0.219,0.30,4.0,283.1,0
106.88,353.5,750,0.474,0.30,7.7,344.1,0
36.16,1743.5,750,0.261,0.30,4.7,1612.1,1
45.54,610.3,250,0.150,0.30,3.9,597.2,1
102.07,2326.3,1000,0.518,0.30,7.2,2101.7,0
9.30,287.6,250,0.371,0.30,2.9,302.9,0
82.66,491.2,250,0.175,0.30,7.7,500.5,1
19.13,625.7,750,0.224,0.30,7.7,582.7,0
15.56,2461.6,750,0.345,0.30,4.6,2225.6,0
119.45,882.9,750,0.339,0.30,6.2,863.1,0
109.97,1593.4,750,0.355,0.30,2.4,1498.0,0
62.61,1695.7,750,0.324,0.30,3.2,1563.3,0
46.71,1023.5,500,0.144,0.30,3.8,1092.7,1
25.29,1002.5,750,0.526,0.30,2.9,860.7,0
41.94,403.7,500,0.436,0.30,7.1,366.6,0
87.21,2969.9,1000,0.308,0.30,6.3,2672.1,0
128.66,1644.3,500,0.389,0.30,5.7,1473.2,0
89.42,1510.0,500,0.358,0.30,4.6,1457.0,0
38.59,2322.8,1000,0.365,0.30,3.9,2175.6,0
5.54,543.7,250,0.433,0.30,7.7,512.9,0
57.24,1546.4,500,0.442,0.30,3.7,1404.5,0
91.58,1428.4,1000,0.194,0.30,4.7,1353.6,0
86.03,2686.5,1000,0.053,0.30,3.7,2890.6,1
28.03,573.0,750,0.202,0.30,5.1,584.7,0
107.70,850.2,250,0.215,0.30,2.7,849.1,1
30.54,2410.4,750,0.263,0.30,1.3,2086.2,1
42.48,1299.7,1000,0.318,0.30,4.1,1238.2,0
53.69,2203.1,1000,0.229,0.30,7.6,2043.0,1
70.66,374.5,250,0.099,0.30,4.9,397.6,0
114.98,928.7,500,0.532,0.30,5.4,813.0,0
91.45,446.4,750,0.423,0.30,3.6,421.1,0
108.25,163.4,250,0.306,0.30,5.8,197.8,0
83.89,2911.7,1000,0.312,0.30,7.3,2555.8,0
27.80,2230.0,1000,0.365,0.30,8.0,1979.1,0
91.47,77.2,250,0.055,0.30,4.9,118.5,0
54.70,262.1,750,0.099,0.30,2.2,275.1,0
113.89,1459.4,750,0.498,0.30,2.4,1210.7,0
23.17,482.6,250,0.309,0.30,1.5,444.8,0
107.89,2881.1,1000,0.357,0.30,1.1,2432.7,0
22.99,886.1,750,0.169,0.30,5.4,818.3,0
48.61,383.5,250,0.275,0.30,7.2,366.8,0
59.96,274.5,250,0.360,0.30,7.5,267.0,0
44.35,1455.4,500,0.499,0.30,5.2,1238.5,0
127.44,2467.3,1000,0.084,0.30,5.1,2512.6,1
43.64,1850.0,1000,0.488,0.30,2.7,1693.4,0
26.24,162.2,500,0.240,0.30,3.8,199.8,0
19.36,1150.4,750,0.317,0.30,1.5,1064.9,0
57.78,518.1,250,0.506,0.30,4.3,471.4,0
34.65,1819.3,750,0.067,0.30,2.1,1777.2,1
16.58,1486.0,500,0.185,0.30,4.1,1360.0,0
24.90,1305.9,500,0.226,0.30,7.7,1233.2,0
42.16,477.1,500,0.288,0.30,5.7,500.9,0
79.49,2600.9,750,0.270,0.30,3.8,2443.4,1
20.69,1234.6,500,0.425,0.30,7.0,1046.6,0
8.59,764.2,1000,0.409,0.30,6.0,658.4,0
102.02,451.3,500,0.166,0.30,1.5,495.7,0
105.65,687.8,750,0.429,0.30,1.6,660.2,0
20.77,902.7,750,0.408,0.30,7.4,819.8,0
122.09,736.5,500,0.138,0.30,5.8,779.8,0
8.16,1780.3,1000,0.402,0.30,3.8,1730.9,0
27.71,805.1,250,0.108,0.30,6.0,848.3,0
55.58,419.6,250,0.354,0.30,2.1,430.4,0
74.04,828.2,250,0.365,0.30,2.6,785.2,0
94.58,1691.8,1000,0.177,0.30,3.4,1689.0,1
18.98,599.3,250,0.432,0.30,7.1,595.2,0
126.77,104.7,250,0.391,0.30,6.4,129.8,0
98.69,1892.2,750,0.093,0.30,6.2,1848.1,1
40.15,1664.2,500,0.095,0.30,7.5,1637.1,1
68.58,959.1,1000,0.388,0.30,6.9,910.8,0
66.19,1673.7,500,0.145,0.30,4.9,1724.3,1
73.30,1170.0,500,0.535,0.30,2.7,1029.2,0
26.01,149.0,250,0.224,0.30,2.0,182.1,0